-- phpMyAdmin SQL Dump
-- version phpStudy 2014
-- http://www.phpmyadmin.net
--
-- 主机: localhost
-- 服务器版本: 5.7.18
-- PHP 版本: 5.6.30

SET SQL_MODE="NO_AUTO_VALUE_ON_ZERO";
SET time_zone = "+00:00";


/*!40101 SET @OLD_CHARACTER_SET_CLIENT=@@CHARACTER_SET_CLIENT */;
/*!40101 SET @OLD_CHARACTER_SET_RESULTS=@@CHARACTER_SET_RESULTS */;
/*!40101 SET @OLD_COLLATION_CONNECTION=@@COLLATION_CONNECTION */;
/*!40101 SET NAMES utf8 */;

--
-- 数据库: `magento5`
--

-- --------------------------------------------------------

--
-- 表的结构 `m_emaildesign_design`
--

CREATE TABLE IF NOT EXISTS `m_emaildesign_design` (
  `design_id` int(11) NOT NULL AUTO_INCREMENT,
  `title` varchar(255) NOT NULL,
  `description` text,
  `template_type` varchar(255) NOT NULL,
  `styles` text,
  `template` text,
  `created_at` datetime NOT NULL DEFAULT '0000-00-00 00:00:00',
  `updated_at` datetime NOT NULL DEFAULT '0000-00-00 00:00:00',
  PRIMARY KEY (`design_id`)
) ENGINE=InnoDB  DEFAULT CHARSET=utf8 AUTO_INCREMENT=4 ;

--
-- 转存表中的数据 `m_emaildesign_design`
--

INSERT INTO `m_emaildesign_design` (`design_id`, `title`, `description`, `template_type`, `styles`, `template`, `created_at`, `updated_at`) VALUES
(1, 'Base Design', NULL, 'html', NULL, '<!DOCTYPE html PUBLIC "-//W3C//DTD XHTML 1.0 Transitional//EN" "http://www.w3.org/TR/xhtml1/DTD/xhtml1-transitional.dtd">\r\n<html>\r\n  <head> \r\n    <meta http-equiv="Content-Type" content="text/html; charset=UTF-8">\r\n    <meta property="og:title" content="<?php echo $this->getSubject() ?>">\r\n    <title><?php echo $this->getSubject() ?></title> \r\n    <style type="text/css">\r\n      #outlook a{\r\n        padding:0;\r\n      }\r\n      body{\r\n        width:100% !important;\r\n        -webkit-text-size-adjust:none;\r\n        margin:0;\r\n        padding:0;\r\n        background-color:#FFFFFF;\r\n      }\r\n      img{\r\n        border:0;\r\n        height:auto;\r\n        line-height:100%;\r\n        outline:none;\r\n        text-decoration:none;\r\n      }\r\n      table td{\r\n        border-collapse:collapse;\r\n      }\r\n      #backgroundTable {\r\n        height:100% !important;\r\n        margin:0;\r\n        padding:0;\r\n        width:100% !important;\r\n        background-color:#ffffff;\r\n      }\r\n      h1,.h1{\r\n        color:#303030;\r\n        display:block;\r\n        font-family:Helvetica;\r\n        font-size:40px;\r\n        font-weight:bold;\r\n        line-height:100%;\r\n        margin-top:0;\r\n        margin-right:0;\r\n        margin-bottom:10px;\r\n        margin-left:0;\r\n        text-align:center;\r\n      }\r\n\r\n      h2,.h2{\r\n        color:#303030;\r\n        display:block;\r\n        font-family:Helvetica;\r\n        font-size:28px;\r\n        font-weight:bold;\r\n        line-height:100%;\r\n        margin-top:0;\r\n        margin-right:0;\r\n        margin-bottom:10px;\r\n        margin-left:0;\r\n        text-align:left;\r\n      }\r\n\r\n      h3,.h3{\r\n        color:#303030;\r\n        display:block;\r\n        font-family:Helvetica;\r\n        font-size:20px;\r\n        font-weight:bold;\r\n        line-height:100%;\r\n        margin-top:0;\r\n        margin-right:0;\r\n        margin-bottom:10px;\r\n        margin-left:0;\r\n        text-align:left;\r\n      }\r\n \r\n      h4,.h4{\r\n        color:#303030;\r\n        display:block;\r\n        font-family:Helvetica;\r\n        font-size:14px;\r\n        font-weight:bold;\r\n        line-height:100%;\r\n        margin-top:0;\r\n        margin-right:0;\r\n        margin-bottom:10px;\r\n        margin-left:0;\r\n        text-align:left;\r\n      }\r\n  \r\n      #templatePreheader{\r\n        background-color:#EFEFEF;\r\n      }\r\n\r\n      .preheaderContent{\r\n        color:#505050;\r\n        font-family:Helvetica;\r\n        font-size:10px;\r\n        line-height:125%;\r\n        text-align:left;\r\n      }\r\n\r\n      .preheaderContent a:link,.preheaderContent a:visited {\r\n        color:#505050;\r\n        font-weight:normal;\r\n        text-decoration:underline;\r\n      }\r\n\r\n      .headerContent{\r\n        color:#303030;\r\n        font-family:Helvetica;\r\n        font-size:40px;\r\n        font-weight:bold;\r\n        line-height:100%;\r\n        text-align:center;\r\n        vertical-align:middle;\r\n      }\r\n \r\n      .headerContent a:link,.headerContent a:visited{\r\n        color:#A92626;\r\n        font-weight:normal;\r\n        text-decoration:underline;\r\n      }\r\n\r\n      #templateBody{\r\n        border-top:1px solid #CCCCCC;\r\n      }\r\n   \r\n      .bodyContent{\r\n        color:#505050;\r\n        font-family:Helvetica;\r\n        font-size:15px;\r\n        line-height:150%;\r\n        text-align:left;\r\n      }\r\n \r\n      .bodyContent a:link,.bodyContent a:visited {\r\n        color:#A92626;\r\n        font-weight:normal;\r\n        text-decoration:none;\r\n      }\r\n      .bodyContent img {\r\n        display:inline;\r\n        height:auto;\r\n      }\r\n  \r\n      #templateFooter {\r\n        border-top:1px solid #CCCCCC;\r\n      }\r\n\r\n      .footerContent {\r\n        color:#707070;\r\n        font-family:Helvetica;\r\n        font-size:11px;\r\n        line-height:125%;\r\n        text-align:left;\r\n      }\r\n\r\n      .footerContent a:link,.footerContent a:visited {\r\n        color:#505050;\r\n        font-weight:normal;\r\n        text-decoration:underline;\r\n      }\r\n      .footerContent img {\r\n        display:inline;\r\n      }\r\n      \r\n      .button {\r\n      	background: #f49308;\r\n        text-shadow: 0 1px 1px rgba(255,255,255,0.5);\r\n        background-color: #fbc73f;\r\n        background-image: -moz-linear-gradient(top, #ffe963, #f49308);\r\n        background-image: -webkit-gradient(linear, 0 0, 0 100%, from(#ffe963), to(#f49308));\r\n        background-image: -webkit-linear-gradient(top, #ffe963, #f49308);\r\n        background-image: -o-linear-gradient(top, #ffe963, #f49308);\r\n        background-image: linear-gradient(to bottom, #ffe963, #f49308);\r\n        border: 1px solid #f49308;\r\n        padding: 7px 15px;\r\n        border-radius: 5px;\r\n        color: #184e6e;\r\n        font-weight: bold;\r\n        text-decoration: none;\r\n      }\r\n    </style>\r\n  </head>\r\n  <body leftmargin="0" marginwidth="0" topmargin="0" marginheight="0" offset="0">\r\n    <!-- Google Tag Manager -->\r\n<noscript><iframe src="//www.googletagmanager.com/ns.html?id=GTM-5D3CG8"\r\nheight="0" width="0" style="display:none;visibility:hidden"></iframe></noscript>\r\n<script>(function(w,d,s,l,i){w[l]=w[l]||[];w[l].push({''gtm.start'':\r\nnew Date().getTime(),event:''gtm.js''});var f=d.getElementsByTagName(s)[0],\r\nj=d.createElement(s),dl=l!=''dataLayer''?''&l=''+l:'''';j.async=true;j.src=\r\n''//www.googletagmanager.com/gtm.js?id=''+i+dl;f.parentNode.insertBefore(j,f);\r\n})(window,document,''script'',''dataLayer'',''GTM-5D3CG8'');</script>\r\n<!-- End Google Tag Manager -->\r\n    <center>\r\n      <table border="0" cellpadding="0" cellspacing="0" height="100%" width="100%" id="backgroundTable">\r\n        <tr>\r\n          <td align="center" valign="top">\r\n            <table border="0" cellpadding="10" cellspacing="0" width="100%" id="templatePreheader">\r\n              <tr>\r\n                <td align="center" valign="top">\r\n                  <table border="0" cellpadding="0" cellspacing="0" width="600">\r\n                    <tr>\r\n                      <td valign="top" class="preheaderContent" style="padding-right:20px;">\r\n                        <?php echo $this->getStoreName() ?>: <?php echo $this->area(''teaser'', "Use this area to offer a short teaser of your email''s content. Text here will show in the preview area of some email clients.") ?>\r\n                      </td>\r\n                      <td valign="top" width="200" class="preheaderContent">\r\n                        Is this email not displaying correctly?<br><a href="<?php echo $this->getViewInBrowserUrl() ?>" target="_blank">View it in your browser</a>.\r\n                      </td>\r\n                    </tr>\r\n                  </table>\r\n                </td>\r\n              </tr>\r\n            </table>\r\n            <table border="0" cellpadding="20" cellspacing="0" width="100%" >\r\n              <tr>\r\n              <td style="background: #fff;" align="center">\r\n                <table border="0" cellpadding="0" cellspacing="0" width="600">\r\n                <tr>\r\n                  <td valign="middle" align="center" style="border-bottom:#ccc 1px solid; padding-bottom:8px;"><a target="_blank" href="<?php echo $this->getStoreUrl() ?>"><img alt="<?php echo $this->getStoreName() ?>" src="<?php echo $this->getLogoUrl() ?>"></a></td>\r\n                </tr>\r\n                </table>\r\n              </td>\r\n              </tr>\r\n            </table>\r\n            <table border="0" cellpadding="0" cellspacing="0" width="600" id="templateContainer">\r\n              <tr>\r\n                <td align="center" valign="top" style="padding-top:30px;">\r\n                  <table border="0" cellpadding="0" cellspacing="0" width="600" id="templateHeader">\r\n                    <?php if ($this->area(''header_content'')): ?>\r\n                    <tr>\r\n                      <td class="headerContent" style="padding-bottom:10px;">\r\n                        <h1><?php echo $this->area(''header_content'', ''Email Title Here...'') ?></h1>\r\n                      </td>\r\n                    </tr>\r\n                    <?php endif ?>\r\n                    <?php if ($this->area(''content'')): ?>\r\n                    <tr>\r\n                      <td align="center" valign="top">\r\n                        <table border="0" cellpadding="0" cellspacing="0" width="100%">\r\n                          <tr>\r\n                            <td valign="top" class="bodyContent" style="padding-top:20px;">\r\n                              <?php echo $this->area(''content'', ''Email text here...'') ?>\r\n                            </td>\r\n                          </tr>\r\n                        </table>\r\n                      </td>\r\n                    </tr>\r\n                    <?php endif ?>\r\n                  </table>\r\n                </td>\r\n              </tr>\r\n               <?php if ($this->area(''additional'')): ?> \r\n              <tr>\r\n                <td align="center" valign="top" style="padding-top:20px">\r\n                  <table border="0" cellpadding="0" cellspacing="0" width="600" id="templateBody">\r\n                    <tr>\r\n                      <td valign="top" style="padding-top:20px">\r\n                        <table border="0" cellpadding="0" cellspacing="0" width="100%">\r\n                          <tr>\r\n                            <td valign="top" class="bodyContent">\r\n                              <?php echo $this->area(''additional'', ''Text here...'') ?> \r\n                            </td> \r\n                          </tr>\r\n                        </table>\r\n                      </td>\r\n                    </tr>\r\n                  </table>\r\n                </td>\r\n              </tr>\r\n              <?php endif ?>\r\n              <?php if ($this->getCrossSellHtml()): ?>\r\n              <tr>\r\n                <td align="center" valign="top" style="padding-top:20px">\r\n                  <table border="0" cellpadding="0" cellspacing="0" width="600" id="templateBody">\r\n                    <tr>\r\n                      <td valign="top" style="padding-top:20px">\r\n                        <table border="0" cellpadding="0" cellspacing="0" width="100%">\r\n                          <tr>\r\n                            <td valign="top" class="bodyContent">\r\n                              <?php echo $this->getCrossSellHtml() ?>\r\n                            </td> \r\n                          </tr>\r\n                        </table>\r\n                      </td>\r\n                    </tr>\r\n                  </table>\r\n                </td>\r\n              </tr>\r\n              <?php endif ?>\r\n              <tr>\r\n                <td align="center" valign="top" style="padding-top:20px;">\r\n                  <table border="0" cellpadding="0" cellspacing="0" width="600" id="templateFooter">\r\n                    <tr>\r\n                      <td valign="top" style="padding-top:20px;">\r\n                        <table border="0" cellpadding="0" cellspacing="0">\r\n                          <tr>\r\n                            <td colspan="2" valign="middle" class="footerContent" style="padding-bottom:20px;">\r\n                              <a href="<?php echo $this->getTwitterUrl() ?>">Follow on Twitter</a> | <a href="<?php echo $this->getFacebookUrl() ?>">Friend on Facebook</a> \r\n                            </td>\r\n                          </tr>\r\n                          <tr>\r\n                            <td valign="top" class="footerContent" style="padding-right:20px;">\r\n                              <em>Copyright © <?php echo date(''Y'') ?> <?php echo $this->getStoreName() ?>, All rights reserved.</em>\r\n                              <br><br><br>This is an automated message. Please do not reply. You can contact us at <?php echo $this->getStoreEmail() ?>\r\n                            </td>\r\n                          </tr>\r\n                          <tr>\r\n                            <td colspan="2" valign="middle" class="footerContent" style="padding-top:20px;">\r\n                             <a href="<?php echo $this->getUnsubscribeUrl() ?>">Unsubscribe from this list</a> or <a href="<?php echo $this->getUnsubscribeNewsletterUrl() ?>">Unsubscribe from our site</a>\r\n                            </td>\r\n                          </tr>\r\n                        </table>\r\n                      </td>\r\n                    </tr>\r\n                  </table>\r\n                </td>\r\n              </tr>\r\n            </table>\r\n            <br>\r\n          </td>\r\n        </tr>\r\n      </table>\r\n    </center>\r\n  </body>\r\n</html>', '2016-09-22 08:53:10', '2016-10-24 01:48:12'),
(2, 'Base Design (Original)', NULL, 'html', NULL, '<!DOCTYPE html PUBLIC "-//W3C//DTD XHTML 1.0 Transitional//EN" "http://www.w3.org/TR/xhtml1/DTD/xhtml1-transitional.dtd">\r\n<html>\r\n  <head> \r\n    <meta http-equiv="Content-Type" content="text/html; charset=UTF-8">\r\n    <meta property="og:title" content="<?php echo $this->getSubject() ?>">\r\n    <title><?php echo $this->getSubject() ?></title> \r\n    <style type="text/css">\r\n      #outlook a{\r\n        padding:0;\r\n      }\r\n      body{\r\n        width:100% !important;\r\n        -webkit-text-size-adjust:none;\r\n        margin:0;\r\n        padding:0;\r\n        background-color:#FFFFFF;\r\n      }\r\n      img{\r\n        border:0;\r\n        height:auto;\r\n        line-height:100%;\r\n        outline:none;\r\n        text-decoration:none;\r\n      }\r\n      table td{\r\n        border-collapse:collapse;\r\n      }\r\n      #backgroundTable {\r\n        height:100% !important;\r\n        margin:0;\r\n        padding:0;\r\n        width:100% !important;\r\n        background-color:#ffffff;\r\n      }\r\n      h1,.h1{\r\n        color:#303030;\r\n        display:block;\r\n        font-family:Helvetica;\r\n        font-size:40px;\r\n        font-weight:bold;\r\n        line-height:100%;\r\n        margin-top:0;\r\n        margin-right:0;\r\n        margin-bottom:10px;\r\n        margin-left:0;\r\n        text-align:center;\r\n      }\r\n\r\n      h2,.h2{\r\n        color:#303030;\r\n        display:block;\r\n        font-family:Helvetica;\r\n        font-size:28px;\r\n        font-weight:bold;\r\n        line-height:100%;\r\n        margin-top:0;\r\n        margin-right:0;\r\n        margin-bottom:10px;\r\n        margin-left:0;\r\n        text-align:left;\r\n      }\r\n\r\n      h3,.h3{\r\n        color:#303030;\r\n        display:block;\r\n        font-family:Helvetica;\r\n        font-size:20px;\r\n        font-weight:bold;\r\n        line-height:100%;\r\n        margin-top:0;\r\n        margin-right:0;\r\n        margin-bottom:10px;\r\n        margin-left:0;\r\n        text-align:left;\r\n      }\r\n \r\n      h4,.h4{\r\n        color:#303030;\r\n        display:block;\r\n        font-family:Helvetica;\r\n        font-size:14px;\r\n        font-weight:bold;\r\n        line-height:100%;\r\n        margin-top:0;\r\n        margin-right:0;\r\n        margin-bottom:10px;\r\n        margin-left:0;\r\n        text-align:left;\r\n      }\r\n  \r\n      #templatePreheader{\r\n        background-color:#EFEFEF;\r\n      }\r\n\r\n      .preheaderContent{\r\n        color:#505050;\r\n        font-family:Helvetica;\r\n        font-size:10px;\r\n        line-height:125%;\r\n        text-align:left;\r\n      }\r\n\r\n      .preheaderContent a:link,.preheaderContent a:visited {\r\n        color:#505050;\r\n        font-weight:normal;\r\n        text-decoration:underline;\r\n      }\r\n\r\n      .headerContent{\r\n        color:#303030;\r\n        font-family:Helvetica;\r\n        font-size:40px;\r\n        font-weight:bold;\r\n        line-height:100%;\r\n        text-align:center;\r\n        vertical-align:middle;\r\n      }\r\n \r\n      .headerContent a:link,.headerContent a:visited{\r\n        color:#A92626;\r\n        font-weight:normal;\r\n        text-decoration:underline;\r\n      }\r\n\r\n      #templateBody{\r\n        border-top:1px solid #CCCCCC;\r\n      }\r\n   \r\n      .bodyContent{\r\n        color:#505050;\r\n        font-family:Helvetica;\r\n        font-size:15px;\r\n        line-height:150%;\r\n        text-align:left;\r\n      }\r\n \r\n      .bodyContent a:link,.bodyContent a:visited {\r\n        color:#A92626;\r\n        font-weight:normal;\r\n        text-decoration:none;\r\n      }\r\n      .bodyContent img {\r\n        display:inline;\r\n        height:auto;\r\n      }\r\n  \r\n      #templateFooter {\r\n        border-top:1px solid #CCCCCC;\r\n      }\r\n\r\n      .footerContent {\r\n        color:#707070;\r\n        font-family:Helvetica;\r\n        font-size:11px;\r\n        line-height:125%;\r\n        text-align:left;\r\n      }\r\n\r\n      .footerContent a:link,.footerContent a:visited {\r\n        color:#505050;\r\n        font-weight:normal;\r\n        text-decoration:underline;\r\n      }\r\n      .footerContent img {\r\n        display:inline;\r\n      }\r\n      \r\n      .button {\r\n      	background: #f49308;\r\n        text-shadow: 0 1px 1px rgba(255,255,255,0.5);\r\n        background-color: #fbc73f;\r\n        background-image: -moz-linear-gradient(top, #ffe963, #f49308);\r\n        background-image: -webkit-gradient(linear, 0 0, 0 100%, from(#ffe963), to(#f49308));\r\n        background-image: -webkit-linear-gradient(top, #ffe963, #f49308);\r\n        background-image: -o-linear-gradient(top, #ffe963, #f49308);\r\n        background-image: linear-gradient(to bottom, #ffe963, #f49308);\r\n        border: 1px solid #f49308;\r\n        padding: 7px 15px;\r\n        border-radius: 5px;\r\n        color: #184e6e;\r\n        font-weight: bold;\r\n        text-decoration: none;\r\n      }\r\n    </style>\r\n  </head>\r\n  <body leftmargin="0" marginwidth="0" topmargin="0" marginheight="0" offset="0">\r\n    <center>\r\n      <table border="0" cellpadding="0" cellspacing="0" height="100%" width="100%" id="backgroundTable">\r\n        <tr>\r\n          <td align="center" valign="top">\r\n            <table border="0" cellpadding="10" cellspacing="0" width="100%" id="templatePreheader">\r\n              <tr>\r\n                <td align="center" valign="top">\r\n                  <table border="0" cellpadding="0" cellspacing="0" width="600">\r\n                    <tr>\r\n                      <td valign="top" class="preheaderContent" style="padding-right:20px;">\r\n                        <?php echo $this->getStoreName() ?>: <?php echo $this->area(''teaser'', "Use this area to offer a short teaser of your email''s content. Text here will show in the preview area of some email clients.") ?>\r\n                      </td>\r\n                      <td valign="top" width="200" class="preheaderContent">\r\n                        Is this email not displaying correctly?<br><a href="<?php echo $this->getViewInBrowserUrl() ?>" target="_blank">View it in your browser</a>.\r\n                      </td>\r\n                    </tr>\r\n                  </table>\r\n                </td>\r\n              </tr>\r\n            </table>\r\n            <table border="0" cellpadding="20" cellspacing="0" width="100%" >\r\n              <tr>\r\n              <td style="background: #888;" align="center">\r\n                <table border="0" cellpadding="0" cellspacing="0" width="600" >\r\n                <tr>\r\n                  <td valign="middle"><img src="<?php echo $this->getLogoUrl() ?>"></td>\r\n                  <td align="right"><span style="color: #fff; font-weight: bold; font-size: 22px;"><?php echo $this->getStoreName() ?></span></td>\r\n                </tr>\r\n                </table>\r\n              </td>\r\n              </tr>\r\n            </table>\r\n            <table border="0" cellpadding="0" cellspacing="0" width="600" id="templateContainer">\r\n              <tr>\r\n                <td align="center" valign="top" style="padding-top:30px;">\r\n                  <table border="0" cellpadding="0" cellspacing="0" width="600" id="templateHeader">\r\n                    <?php if ($this->area(''header_content'')): ?>\r\n                    <tr>\r\n                      <td class="headerContent" style="padding-bottom:10px;">\r\n                        <h1><?php echo $this->area(''header_content'', ''Email Title Here...'') ?></h1>\r\n                      </td>\r\n                    </tr>\r\n                    <?php endif ?>\r\n                    <?php if ($this->area(''content'')): ?>\r\n                    <tr>\r\n                      <td align="center" valign="top">\r\n                        <table border="0" cellpadding="0" cellspacing="0" width="100%">\r\n                          <tr>\r\n                            <td valign="top" class="bodyContent" style="padding-top:20px;">\r\n                              <?php echo $this->area(''content'', ''Email text here...'') ?>\r\n                            </td>\r\n                          </tr>\r\n                        </table>\r\n                      </td>\r\n                    </tr>\r\n                    <?php endif ?>\r\n                  </table>\r\n                </td>\r\n              </tr>\r\n               <?php if ($this->area(''additional'')): ?> \r\n              <tr>\r\n                <td align="center" valign="top" style="padding-top:20px">\r\n                  <table border="0" cellpadding="0" cellspacing="0" width="600" id="templateBody">\r\n                    <tr>\r\n                      <td valign="top" style="padding-top:20px">\r\n                        <table border="0" cellpadding="0" cellspacing="0" width="100%">\r\n                          <tr>\r\n                            <td valign="top" class="bodyContent">\r\n                              <?php echo $this->area(''additional'', ''Text here...'') ?> \r\n                            </td> \r\n                          </tr>\r\n                        </table>\r\n                      </td>\r\n                    </tr>\r\n                  </table>\r\n                </td>\r\n              </tr>\r\n              <?php endif ?>\r\n              <?php if ($this->getCrossSellHtml()): ?>\r\n              <tr>\r\n                <td align="center" valign="top" style="padding-top:20px">\r\n                  <table border="0" cellpadding="0" cellspacing="0" width="600" id="templateBody">\r\n                    <tr>\r\n                      <td valign="top" style="padding-top:20px">\r\n                        <table border="0" cellpadding="0" cellspacing="0" width="100%">\r\n                          <tr>\r\n                            <td valign="top" class="bodyContent">\r\n                              <?php echo $this->getCrossSellHtml() ?>\r\n                            </td> \r\n                          </tr>\r\n                        </table>\r\n                      </td>\r\n                    </tr>\r\n                  </table>\r\n                </td>\r\n              </tr>\r\n              <?php endif ?>\r\n              <tr>\r\n                <td align="center" valign="top" style="padding-top:20px;">\r\n                  <table border="0" cellpadding="0" cellspacing="0" width="600" id="templateFooter">\r\n                    <tr>\r\n                      <td valign="top" style="padding-top:20px;">\r\n                        <table border="0" cellpadding="0" cellspacing="0">\r\n                          <tr>\r\n                            <td colspan="2" valign="middle" class="footerContent" style="padding-bottom:20px;">\r\n                              <a href="<?php echo $this->getTwitterUrl() ?>">follow on Twitter</a> | <a href="<?php echo $this->getFacebookUrl() ?>">friend on Facebook</a> \r\n                            </td>\r\n                          </tr>\r\n                          <tr>\r\n                            <td valign="top" class="footerContent" style="padding-right:20px;">\r\n                              <em>Copyright © <?php echo date(''Y'') ?> <?php echo $this->getStoreName() ?>, All rights reserved.</em>\r\n                              <br><br><br><strong>Our mailing address is:</strong>\r\n                              <br>\r\n                              <?php echo $this->getStoreEmail() ?>\r\n                            </td>\r\n                          </tr>\r\n                          <tr>\r\n                            <td colspan="2" valign="middle" class="footerContent" style="padding-top:20px;">\r\n                              <a href="<?php echo $this->getUnsubscribeUrl() ?>">unsubscribe from this list</a>\r\n                            </td>\r\n                          </tr>\r\n                        </table>\r\n                      </td>\r\n                    </tr>\r\n                  </table>\r\n                </td>\r\n              </tr>\r\n            </table>\r\n            <br>\r\n          </td>\r\n        </tr>\r\n      </table>\r\n    </center>\r\n  </body>\r\n</html>', '2016-09-23 03:49:03', '2016-09-23 06:15:12'),
(3, 'No CrossSell', NULL, 'html', NULL, '<!DOCTYPE html PUBLIC "-//W3C//DTD XHTML 1.0 Transitional//EN" "http://www.w3.org/TR/xhtml1/DTD/xhtml1-transitional.dtd">\r\n<html>\r\n  <head> \r\n    <meta http-equiv="Content-Type" content="text/html; charset=UTF-8">\r\n    <meta property="og:title" content="<?php echo $this->getSubject() ?>">\r\n    <title><?php echo $this->getSubject() ?></title> \r\n    <style type="text/css">\r\n      #outlook a{\r\n        padding:0;\r\n      }\r\n      body{\r\n        width:100% !important;\r\n        -webkit-text-size-adjust:none;\r\n        margin:0;\r\n        padding:0;\r\n        background-color:#FFFFFF;\r\n      }\r\n      img{\r\n        border:0;\r\n        height:auto;\r\n        line-height:100%;\r\n        outline:none;\r\n        text-decoration:none;\r\n      }\r\n      table td{\r\n        border-collapse:collapse;\r\n      }\r\n      #backgroundTable {\r\n        height:100% !important;\r\n        margin:0;\r\n        padding:0;\r\n        width:100% !important;\r\n        background-color:#ffffff;\r\n      }\r\n      h1,.h1{\r\n        color:#303030;\r\n        display:block;\r\n        font-family:Helvetica;\r\n        font-size:40px;\r\n        font-weight:bold;\r\n        line-height:100%;\r\n        margin-top:0;\r\n        margin-right:0;\r\n        margin-bottom:10px;\r\n        margin-left:0;\r\n        text-align:center;\r\n      }\r\n\r\n      h2,.h2{\r\n        color:#303030;\r\n        display:block;\r\n        font-family:Helvetica;\r\n        font-size:28px;\r\n        font-weight:bold;\r\n        line-height:100%;\r\n        margin-top:0;\r\n        margin-right:0;\r\n        margin-bottom:10px;\r\n        margin-left:0;\r\n        text-align:left;\r\n      }\r\n\r\n      h3,.h3{\r\n        color:#303030;\r\n        display:block;\r\n        font-family:Helvetica;\r\n        font-size:20px;\r\n        font-weight:bold;\r\n        line-height:100%;\r\n        margin-top:0;\r\n        margin-right:0;\r\n        margin-bottom:10px;\r\n        margin-left:0;\r\n        text-align:left;\r\n      }\r\n \r\n      h4,.h4{\r\n        color:#303030;\r\n        display:block;\r\n        font-family:Helvetica;\r\n        font-size:14px;\r\n        font-weight:bold;\r\n        line-height:100%;\r\n        margin-top:0;\r\n        margin-right:0;\r\n        margin-bottom:10px;\r\n        margin-left:0;\r\n        text-align:left;\r\n      }\r\n  \r\n      #templatePreheader{\r\n        background-color:#EFEFEF;\r\n      }\r\n\r\n      .preheaderContent{\r\n        color:#505050;\r\n        font-family:Helvetica;\r\n        font-size:10px;\r\n        line-height:125%;\r\n        text-align:left;\r\n      }\r\n\r\n      .preheaderContent a:link,.preheaderContent a:visited {\r\n        color:#505050;\r\n        font-weight:normal;\r\n        text-decoration:underline;\r\n      }\r\n\r\n      .headerContent{\r\n        color:#303030;\r\n        font-family:Helvetica;\r\n        font-size:40px;\r\n        font-weight:bold;\r\n        line-height:100%;\r\n        text-align:center;\r\n        vertical-align:middle;\r\n      }\r\n \r\n      .headerContent a:link,.headerContent a:visited{\r\n        color:#A92626;\r\n        font-weight:normal;\r\n        text-decoration:underline;\r\n      }\r\n\r\n      #templateBody{\r\n        border-top:1px solid #CCCCCC;\r\n      }\r\n   \r\n      .bodyContent{\r\n        color:#505050;\r\n        font-family:Helvetica;\r\n        font-size:15px;\r\n        line-height:150%;\r\n        text-align:left;\r\n      }\r\n \r\n      .bodyContent a:link,.bodyContent a:visited {\r\n        color:#A92626;\r\n        font-weight:normal;\r\n        text-decoration:none;\r\n      }\r\n      .bodyContent img {\r\n        display:inline;\r\n        height:auto;\r\n      }\r\n  \r\n      #templateFooter {\r\n        border-top:1px solid #CCCCCC;\r\n      }\r\n\r\n      .footerContent {\r\n        color:#707070;\r\n        font-family:Helvetica;\r\n        font-size:11px;\r\n        line-height:125%;\r\n        text-align:left;\r\n      }\r\n\r\n      .footerContent a:link,.footerContent a:visited {\r\n        color:#505050;\r\n        font-weight:normal;\r\n        text-decoration:underline;\r\n      }\r\n      .footerContent img {\r\n        display:inline;\r\n      }\r\n      \r\n      .button {\r\n      	background: #f49308;\r\n        text-shadow: 0 1px 1px rgba(255,255,255,0.5);\r\n        background-color: #fbc73f;\r\n        background-image: -moz-linear-gradient(top, #ffe963, #f49308);\r\n        background-image: -webkit-gradient(linear, 0 0, 0 100%, from(#ffe963), to(#f49308));\r\n        background-image: -webkit-linear-gradient(top, #ffe963, #f49308);\r\n        background-image: -o-linear-gradient(top, #ffe963, #f49308);\r\n        background-image: linear-gradient(to bottom, #ffe963, #f49308);\r\n        border: 1px solid #f49308;\r\n        padding: 7px 15px;\r\n        border-radius: 5px;\r\n        color: #184e6e;\r\n        font-weight: bold;\r\n        text-decoration: none;\r\n      }\r\n    </style>\r\n  </head>\r\n  <body leftmargin="0" marginwidth="0" topmargin="0" marginheight="0" offset="0">\r\n    <!-- Google Tag Manager -->\r\n<noscript><iframe src="//www.googletagmanager.com/ns.html?id=GTM-5D3CG8"\r\nheight="0" width="0" style="display:none;visibility:hidden"></iframe></noscript>\r\n<script>(function(w,d,s,l,i){w[l]=w[l]||[];w[l].push({''gtm.start'':\r\nnew Date().getTime(),event:''gtm.js''});var f=d.getElementsByTagName(s)[0],\r\nj=d.createElement(s),dl=l!=''dataLayer''?''&l=''+l:'''';j.async=true;j.src=\r\n''//www.googletagmanager.com/gtm.js?id=''+i+dl;f.parentNode.insertBefore(j,f);\r\n})(window,document,''script'',''dataLayer'',''GTM-5D3CG8'');</script>\r\n<!-- End Google Tag Manager -->    \r\n    <center>\r\n      <table border="0" cellpadding="0" cellspacing="0" height="100%" width="100%" id="backgroundTable">\r\n        <tr>\r\n          <td align="center" valign="top">\r\n            <table border="0" cellpadding="10" cellspacing="0" width="100%" id="templatePreheader">\r\n              <tr>\r\n                <td align="center" valign="top">\r\n                  <table border="0" cellpadding="0" cellspacing="0" width="600">\r\n                    <tr>\r\n                      <td valign="top" class="preheaderContent" style="padding-right:20px;">\r\n                        <?php echo $this->getStoreName() ?>: <?php echo $this->area(''teaser'', "Use this area to offer a short teaser of your email''s content. Text here will show in the preview area of some email clients.") ?>\r\n                      </td>\r\n                      <td valign="top" width="200" class="preheaderContent">\r\n                        Is this email not displaying correctly?<br><a href="<?php echo $this->getViewInBrowserUrl() ?>" target="_blank">View it in your browser</a>.\r\n                      </td>\r\n                    </tr>\r\n                  </table>\r\n                </td>\r\n              </tr>\r\n            </table>\r\n            <table border="0" cellpadding="20" cellspacing="0" width="100%" >\r\n              <tr>\r\n              <td style="background: #fff;" align="center">\r\n                <table border="0" cellpadding="0" cellspacing="0" width="600">\r\n                <tr>\r\n                  <td valign="middle" align="center" style="border-bottom:#ccc 1px solid; padding-bottom:8px;"><a target="_blank" href="<?php echo $this->getStoreUrl() ?>"><img alt="<?php echo $this->getStoreName() ?>" src="<?php echo $this->getLogoUrl() ?>"></a></td>\r\n                </tr>\r\n                </table>\r\n              </td>\r\n              </tr>\r\n            </table>\r\n            <table border="0" cellpadding="0" cellspacing="0" width="600" id="templateContainer">\r\n              <tr>\r\n                <td align="center" valign="top" style="padding-top:30px;">\r\n                  <table border="0" cellpadding="0" cellspacing="0" width="600" id="templateHeader">\r\n                    <?php if ($this->area(''header_content'')): ?>\r\n                    <tr>\r\n                      <td class="headerContent" style="padding-bottom:10px;">\r\n                        <h1><?php echo $this->area(''header_content'', ''Email Title Here...'') ?></h1>\r\n                      </td>\r\n                    </tr>\r\n                    <?php endif ?>\r\n                    <?php if ($this->area(''content'')): ?>\r\n                    <tr>\r\n                      <td align="center" valign="top">\r\n                        <table border="0" cellpadding="0" cellspacing="0" width="100%">\r\n                          <tr>\r\n                            <td valign="top" class="bodyContent" style="padding-top:20px;">\r\n                              <?php echo $this->area(''content'', ''Email text here...'') ?>\r\n                            </td>\r\n                          </tr>\r\n                        </table>\r\n                      </td>\r\n                    </tr>\r\n                    <?php endif ?>\r\n                  </table>\r\n                </td>\r\n              </tr>\r\n               <?php if ($this->area(''additional'')): ?> \r\n              <tr>\r\n                <td align="center" valign="top" style="padding-top:20px">\r\n                  <table border="0" cellpadding="0" cellspacing="0" width="600" id="templateBody">\r\n                    <tr>\r\n                      <td valign="top" style="padding-top:20px">\r\n                        <table border="0" cellpadding="0" cellspacing="0" width="100%">\r\n                          <tr>\r\n                            <td valign="top" class="bodyContent">\r\n                              <?php echo $this->area(''additional'', ''Text here...'') ?> \r\n                            </td> \r\n                          </tr>\r\n                        </table>\r\n                      </td>\r\n                    </tr>\r\n                  </table>\r\n                </td>\r\n              </tr>\r\n              <?php endif ?>\r\n              <tr>\r\n                <td align="center" valign="top" style="padding-top:20px;">\r\n                  <table border="0" cellpadding="0" cellspacing="0" width="600" id="templateFooter">\r\n                    <tr>\r\n                      <td valign="top" style="padding-top:20px;">\r\n                        <table border="0" cellpadding="0" cellspacing="0">\r\n                          <tr>\r\n                            <td colspan="2" valign="middle" class="footerContent" style="padding-bottom:20px;">\r\n                              <a href="<?php echo $this->getTwitterUrl() ?>">Follow on Twitter</a> | <a href="<?php echo $this->getFacebookUrl() ?>">Friend on Facebook</a> \r\n                            </td>\r\n                          </tr>\r\n                          <tr>\r\n                            <td valign="top" class="footerContent" style="padding-right:20px;">\r\n                              <em>Copyright © <?php echo date(''Y'') ?> <?php echo $this->getStoreName() ?>, All rights reserved.</em>\r\n                              <br><br><br>This is an automated message. Please do not reply. You can contact us at <?php echo $this->getStoreEmail() ?>\r\n                            </td>\r\n                          </tr>\r\n                          <tr>\r\n                            <td colspan="2" valign="middle" class="footerContent" style="padding-top:20px;">\r\n                             <a href="<?php echo $this->getUnsubscribeUrl() ?>">Unsubscribe from this list</a> or <a href="<?php echo $this->getUnsubscribeNewsletterUrl() ?>">Unsubscribe from our site</a>\r\n                            </td>\r\n                          </tr>\r\n                        </table>\r\n                      </td>\r\n                    </tr>\r\n                  </table>\r\n                </td>\r\n              </tr>\r\n            </table>\r\n            <br>\r\n          </td>\r\n        </tr>\r\n      </table>\r\n    </center>\r\n  </body>\r\n</html>', '2016-10-19 08:53:38', '2016-10-24 01:48:27');

-- --------------------------------------------------------

--
-- 表的结构 `m_emaildesign_template`
--

CREATE TABLE IF NOT EXISTS `m_emaildesign_template` (
  `template_id` int(11) NOT NULL AUTO_INCREMENT,
  `design_id` int(11) DEFAULT NULL,
  `title` varchar(255) NOT NULL,
  `description` text,
  `subject` varchar(255) NOT NULL,
  `areas_content` longtext,
  `created_at` datetime NOT NULL DEFAULT '0000-00-00 00:00:00',
  `updated_at` datetime NOT NULL DEFAULT '0000-00-00 00:00:00',
  PRIMARY KEY (`template_id`)
) ENGINE=InnoDB  DEFAULT CHARSET=utf8 AUTO_INCREMENT=12 ;

--
-- 转存表中的数据 `m_emaildesign_template`
--

INSERT INTO `m_emaildesign_template` (`template_id`, `design_id`, `title`, `description`, `subject`, `areas_content`, `created_at`, `updated_at`) VALUES
(1, 1, 'Order changed its status', NULL, 'Order status changed', 'a:4:{s:6:"teaser";s:71:"Order #<?php echo $this->getOrder()->getIncrementId() ?> status changed";s:14:"header_content";s:53:"<h1>Dear <?php echo $this->getCustomerName() ?>!</h1>";s:7:"content";s:782:"<p>On <?php echo $this->getFormatedDate($this->getOrder()->getUpdatedAt()) ?> an order status has been changed to <b><?php echo $this->getOrder()->getStatus() ?></b>.</p>\r\n<p>The order contains the following items:</p>\r\n<table width="0" border="0" cellspacing="5" cellpadding="10">\r\n<?php foreach($this->getOrder()->getAllVisibleItems() as $item): ?>\r\n  <tr>\r\n    <td>\r\n      <img src="<?php echo $this->getImageUrl($item->getProduct(), 100) ?>"/>\r\n    </td>\r\n    <td valign="top">\r\n      <a href="<?php echo $item->getProduct()->getProductUrl() ?>"><?php echo $item->getName() ?></a>\r\n    </td>\r\n    <td valign="top">\r\n      <?php echo intval($item->getQtyOrdered()) ?> x <?php echo $this->getFormatedPrice($item->getPrice()) ?>\r\n    </td>\r\n  </tr>\r\n<?php endforeach ?>\r\n</table>\r\n";s:10:"additional";s:0:"";}', '2016-09-22 08:53:10', '2016-09-22 08:53:10'),
(2, 1, 'Customer coming back', NULL, 'Thank you for coming back to us!', 'a:4:{s:6:"teaser";s:32:"Thank you for coming back to us!";s:14:"header_content";s:44:"Dear <?php echo $this->getCustomerName() ?>!";s:7:"content";s:64:"<p>Thank you for coming back to us! We really appreciate it!</p>";s:10:"additional";s:404:"<?php if ($this->getCoupon()): ?>\r\n<p>We highly appreciate each and every our visitor. So let us offer you a <b>discount</b> to featurer purchases.</p>\r\n<p>Your coupon code: <b style="font-size:16px"><?php echo $this->getCoupon()->getCode() ?></b><br><em>* Extra 8% OFF - Coupon available till <?php echo $this->getFormatedDate($this->getCoupon()->getExpirationDate()) ?> (UTC+8)</em></p>\r\n<?php endif ?>";}', '2016-09-22 08:53:10', '2016-09-23 08:06:46'),
(3, 1, 'Happy Birthday', NULL, 'Happy Birthday', 'a:4:{s:6:"teaser";s:14:"Happy Birthday";s:14:"header_content";s:46:"Dear <?php echo $this->getCustomerName() ?>!\r\n";s:7:"content";s:152:"Light four candles on your special day: one for happiness, one for peace, one for prosperity and one for good luck. May you always be happy and healthy!";s:10:"additional";s:365:"<?php if ($this->getCoupon()): ?>\r\n<p>Let us offer you a <b>discount</b> to featurer purchases in this day.</p>\r\n<p>Your coupon code: <b style="font-size:16px"><?php echo $this->getCoupon()->getCode() ?></b><br><em>* Extra 20% OFF - Coupon available till <?php echo $this->getFormatedDate($this->getCoupon()->getExpirationDate()) ?> (UTC+8)</em></p>\r\n<?php endif ?>";}', '2016-09-22 08:53:10', '2016-09-23 08:05:23'),
(4, 1, 'We miss you', 'Customer not logged in for some time', 'We miss you', 'a:4:{s:6:"teaser";s:31:"We miss you - please come back!";s:14:"header_content";s:16:"We''ve missed you";s:7:"content";s:304:"<h4 style="text-align:center;">\r\nNew products that can awake your interest have appeared in our store since your last visit.\r\n</h4>\r\n<br><br>\r\n<p style="text-align:center;">\r\n  <span style="font-size: 95px; font-weight: bold;">16%</span> <span style="font-size: 55px; font-weight: bold;">OFF</span>\r\n</p>";s:10:"additional";s:224:"<p>\r\nYour coupon code: <b style="font-size:16px"><?php echo $this->getCoupon()->getCode() ?></b><br><em>* Coupon available till <?php echo $this->getFormatedDate($this->getCoupon()->getExpirationDate()) ?> (UTC+8)</em>\r\n</p>";}', '2016-09-22 08:53:10', '2016-10-11 01:56:33'),
(5, 1, 'Review Request', NULL, 'Please add review for products you have bought', 'a:4:{s:6:"teaser";s:46:"Please add review for products you have bought";s:14:"header_content";s:43:"Dear <?php echo $this->getCustomerName() ?>";s:7:"content";s:877:"<p>Thank you for your recent purchase from <a href="<?php echo $this->getStoreUrl() ?>"><?php echo $this->getStoreName() ?></a>.</p>\r\n<p>We hope the experience met your expectations. We always strive to offer the highest quality service to all of our customers, and we rely on your feedback to help us achieve this.</p>\r\n<p>We hope you’ll take a couple of minutes to write a review of your experience with our products.</p>\r\n\r\n<table width="0" border="0" cellspacing="5" cellpadding="10">\r\n<?php foreach($this->getOrder()->getAllVisibleItems() as $item): ?>\r\n  <tr>\r\n    <td>\r\n      <img src="<?php echo $this->getImageUrl($item->getProduct(), 100) ?>"/>\r\n    </td>\r\n    <td valign="top">\r\n      <a href="<?php echo $this->getResumeUrl($item->getProduct()->getProductUrl()) ?>">Review <?php echo $item->getName() ?></a>\r\n    </td>\r\n  </tr>\r\n<?php endforeach ?>\r\n</table>\r\n\r\n ";s:10:"additional";s:405:"<?php if ($this->getCoupon()): ?>\r\n<p>We highly appreciate each and every our visitor. So let us offer you a <b>discount</b> to featurer purchases.<br><br>\r\nYour coupon code: <b style="font-size:16px"><?php echo $this->getCoupon()->getCode() ?></b><br><em>* Extra 6% OFF - Coupon available till <?php echo $this->getFormatedDate($this->getCoupon()->getExpirationDate()) ?> (UTC+8)</em></p>\r\n<?php endif ?>";}', '2016-09-22 08:53:10', '2016-09-23 08:13:56'),
(6, 1, 'Your cart has been abandoned', NULL, 'Save extra 21% for your abandoned cart in <?php echo $this->getStoreName() ?>', 'a:4:{s:6:"teaser";s:20:"Finish your purchase";s:14:"header_content";s:44:"Dear <?php echo $this->getCustomerName() ?>!";s:7:"content";s:787:"We noticed that for some unknown reason you had abandoned your cart at <a href="<?php echo $this->getStore()->getBaseUrl() ?>"><?php echo $this->getStore()->getBaseUrl() ?></a> with the following item(s) in it:\r\n\r\n<table width="0" border="0" cellspacing="5" cellpadding="10">\r\n<?php foreach ($this->getQuote()->getAllVisibleItems() as $item): ?>\r\n<tr>\r\n<td><img src="<?php echo $this->getImageUrl($item->getProduct(), 100) ?>"/></td>\r\n<td valign="top">\r\n    <p><a href="<?php echo $item->getProduct()->getProductUrl() ?>"><?php echo $item->getName() ?></a></p>\r\n    <b><?php echo $this->getFormattedPrice($item->getPrice()) ?></b>\r\n</td>\r\n</tr>\r\n<?php endforeach ?>\r\n</table>\r\n<center>\r\n  <a href="<?php echo $this->getRestoreCartUrl() ?>" class="button">Finish Checkout</a>\r\n</center>\r\n";s:10:"additional";s:631:"<?php if ($this->getCoupon()): ?>\r\n<p>We highly appreciate each and every our visitor, and it''s extremely frustrating for us to lose you as a customer. So let us offer you a <b>discount</b> to complete your purchase.<br><br>\r\nYour coupon code: <b style="font-size:16px"><?php echo $this->getCoupon()->getCode() ?></b> <br><em>* Extra 21% OFF - Coupon available till <?php echo $this->getFormatedDate($this->getCoupon()->getExpirationDate()) ?> (UTC+8)</em></p>\r\n<?php endif ?>\r\n<p>If you have any questions about our products or services, please <a href="<?php echo $this->getStoreUrl() ?>contact-us.htm">contact with us.</a></p>\r\n";}', '2016-09-22 08:53:10', '2016-10-18 01:02:26'),
(8, 1, 'Finish your purchase', NULL, 'Save extra 25% only for you in <?php echo $this->getStoreName() ?>', 'a:4:{s:6:"teaser";s:0:"";s:14:"header_content";s:44:"Dear <?php echo $this->getCustomerName() ?>!";s:7:"content";s:802:"We noticed that for some unknown reason you had abandoned your cart for a few days at <a href="<?php echo $this->getStore()->getBaseUrl() ?>"><?php echo $this->getStore()->getBaseUrl() ?></a> with the following item(s) in it:\r\n\r\n<table width="0" border="0" cellspacing="5" cellpadding="10">\r\n<?php foreach ($this->getQuote()->getAllVisibleItems() as $item): ?>\r\n<tr>\r\n<td><img src="<?php echo $this->getImageUrl($item->getProduct(), 100) ?>"/></td>\r\n<td valign="top">\r\n    <p><a href="<?php echo $item->getProduct()->getProductUrl() ?>"><?php echo $item->getName() ?></a></p>\r\n    <b><?php echo $this->getFormattedPrice($item->getPrice()) ?></b>\r\n</td>\r\n</tr>\r\n<?php endforeach ?>\r\n</table>\r\n<center>\r\n  <a href="<?php echo $this->getRestoreCartUrl() ?>" class="button">Finish Checkout</a>\r\n</center>\r\n";s:10:"additional";s:638:"<?php if ($this->getCoupon()): ?>\r\n<p>We highly appreciate each and every our visitor, and it''s extremely frustrating for us to lose you as a customer. So let us offer you a <b>discount</b> to complete your purchase.<br><br>\r\nYour coupon code: <b style="font-size:16px"><?php echo $this->getCoupon()->getCode() ?></b> <br><em>* <b>Extra 25% OFF</b> - Coupon available till <?php echo $this->getFormatedDate($this->getCoupon()->getExpirationDate()) ?> (UTC+8)</em></p>\r\n<?php endif ?>\r\n<p>If you have any questions about our products or services, please <a href="<?php echo $this->getStoreUrl() ?>contact-us.htm">contact with us.</a></p>\r\n";}', '2016-10-13 10:31:28', '2016-10-18 01:08:31'),
(9, 1, 'Wishlist', NULL, 'Extra 20% Off for your wishlisted items in <?php echo $this->getStoreName() ?>', 'a:4:{s:6:"teaser";s:0:"";s:14:"header_content";s:44:"Dear <?php echo $this->getCustomerName() ?>!";s:7:"content";s:765:"Your wishlist is added at <a href="<?php echo $this->getStore()->getBaseUrl() ?>"><?php echo $this->getStore()->getBaseUrl() ?></a> with the following item(s) (last 5 items):\r\n\r\n<table width="0" border="0" cellspacing="5" cellpadding="10">\r\n<?php $i=0; foreach ($this->getWishlist()->getItemCollection() as $item): ?>\r\n<?php $i++; \r\nif($i<=5){\r\n?>\r\n<tr>\r\n        <td><img src="<?php echo $this->getImageUrl($item->getProduct(), 100) ?>"/></td>\r\n<td valign="top">		\r\n        <p><a href="<?php echo $item->getProduct()->getProductUrl() ?>"><?php echo $item->getProduct()->getName() ?></a></p>\r\n</td>\r\n</tr>	\r\n<?php } ?>\r\n    <?php endforeach ?>\r\n</table>\r\n<center>\r\n  <a href="<?php echo $this->getUrl(''wishlist'') ?>" class="button">Check Your Wishlist</a>\r\n</center>";s:10:"additional";s:631:"<?php if ($this->getCoupon()): ?>\r\n<p>We highly appreciate each and every our visitor, and it''s extremely frustrating for us to lose you as a customer. So let us offer you a <b>discount</b> to complete your purchase.<br><br>\r\nYour coupon code: <b style="font-size:16px"><?php echo $this->getCoupon()->getCode() ?></b> <br><em>* Extra 20% OFF - Coupon available till <?php echo $this->getFormatedDate($this->getCoupon()->getExpirationDate()) ?> (UTC+8)</em></p>\r\n<?php endif ?>\r\n<p>If you have any questions about our products or services, please <a href="<?php echo $this->getStoreUrl() ?>contact-us.htm">contact with us.</a></p>\r\n";}', '2016-10-14 02:39:42', '2016-10-18 01:04:31'),
(10, 1, 'Newsletter Subscription', NULL, 'Thanks for your newsletter subscription with Joancee', 'a:4:{s:6:"teaser";s:0:"";s:14:"header_content";s:44:"Dear <?php echo $this->getCustomerName() ?>!";s:7:"content";s:112:"We are so pleased that you can subscribe our newsletter. You will get promotion and order updates in the future.";s:10:"additional";s:362:"<?php if ($this->getCoupon()): ?>\r\n<p>Let us offer you a <b>discount</b> to place the order in this day.</p>\r\n<p>Your coupon code: <b style="font-size:16px"><?php echo $this->getCoupon()->getCode() ?></b><br><em>* Extra 10% OFF - Coupon available till <?php echo $this->getFormatedDate($this->getCoupon()->getExpirationDate()) ?> (UTC+8)</em></p>\r\n<?php endif ?>";}', '2016-10-15 07:46:16', '2016-10-15 07:51:54'),
(11, 3, 'Order closed or pending', NULL, 'Your order is <?php echo $this->getOrder()->getStatus() ?>', 'a:4:{s:6:"teaser";s:0:"";s:14:"header_content";s:53:"<h1>Dear <?php echo $this->getCustomerName() ?>!</h1>";s:7:"content";s:1231:"<p>On <?php echo $this->getFormatedDate($this->getOrder()->getUpdatedAt()) ?> your order #<?php echo $this->getOrder()->getIncrementId() ?> status has been changed to <b><?php echo $this->getOrder()->getStatus() ?></b>.<br>\r\n</p>\r\n<p>\r\nWhat does that mean?</p>\r\n<p>\r\n*<i><b>Pending</b>: This order status means that You don''t pay successfully. Please reorder or contact us for details.<br>\r\n*<b>Closed</b>: This order status means that the payment has been refused by our risk department. This is mainly because of high risk payment. Please contact us Please contact us or live chat soon if you need this order.</i></p>\r\n<p>The order contains the following items:</p>\r\n<table width="0" border="0" cellspacing="5" cellpadding="10">\r\n<?php foreach($this->getOrder()->getAllVisibleItems() as $item): ?>\r\n  <tr>\r\n    <td>\r\n      <img src="<?php echo $this->getImageUrl($item->getProduct(), 100) ?>"/>\r\n    </td>\r\n    <td valign="top">\r\n      <a href="<?php echo $item->getProduct()->getProductUrl() ?>"><?php echo $item->getName() ?></a>\r\n    </td>\r\n    <td valign="top">\r\n      <?php echo intval($item->getQtyOrdered()) ?> x <?php echo $this->getFormatedPrice($item->getPrice()) ?>\r\n    </td>\r\n  </tr>\r\n<?php endforeach ?>\r\n</table>\r\n";s:10:"additional";s:0:"";}', '2016-10-19 08:42:27', '2016-10-20 07:34:05');

-- --------------------------------------------------------

--
-- 表的结构 `m_email_rule`
--

CREATE TABLE IF NOT EXISTS `m_email_rule` (
  `rule_id` int(11) NOT NULL AUTO_INCREMENT,
  `title` varchar(255) NOT NULL,
  `description` text,
  `is_active` int(1) NOT NULL DEFAULT '0',
  `is_system` int(1) NOT NULL DEFAULT '0',
  `conditions_serialized` text NOT NULL,
  `actions_serialized` text NOT NULL,
  `created_at` datetime NOT NULL DEFAULT '0000-00-00 00:00:00',
  `updated_at` datetime NOT NULL DEFAULT '0000-00-00 00:00:00',
  PRIMARY KEY (`rule_id`)
) ENGINE=InnoDB  DEFAULT CHARSET=utf8 AUTO_INCREMENT=11 ;

--
-- 转存表中的数据 `m_email_rule`
--

INSERT INTO `m_email_rule` (`rule_id`, `title`, `description`, `is_active`, `is_system`, `conditions_serialized`, `actions_serialized`, `created_at`, `updated_at`) VALUES
(1, 'Run Rule', NULL, 1, 1, 'a:7:{s:4:"type";s:28:"email/rule_condition_combine";s:9:"attribute";N;s:8:"operator";N;s:5:"value";s:1:"1";s:18:"is_value_processed";N;s:10:"aggregator";s:3:"all";s:10:"conditions";a:2:{i:0;a:5:{s:4:"type";s:25:"email/rule_condition_cart";s:9:"attribute";s:8:"subtotal";s:8:"operator";s:1:">";s:5:"value";s:1:"0";s:18:"is_value_processed";b:0;}i:1;a:5:{s:4:"type";s:29:"email/rule_condition_customer";s:9:"attribute";s:8:"group_id";s:8:"operator";s:3:"!()";s:5:"value";a:1:{i:0;s:1:"4";}s:18:"is_value_processed";b:0;}}}', 'a:4:{s:4:"type";s:28:"email/rule_action_collection";s:9:"attribute";N;s:8:"operator";s:1:"=";s:5:"value";N;}', '0000-00-00 00:00:00', '0000-00-00 00:00:00'),
(2, 'Run Rule', NULL, 1, 1, 'a:7:{s:4:"type";s:28:"email/rule_condition_combine";s:9:"attribute";N;s:8:"operator";N;s:5:"value";s:1:"1";s:18:"is_value_processed";N;s:10:"aggregator";s:3:"all";s:10:"conditions";a:1:{i:0;a:5:{s:4:"type";s:29:"email/rule_condition_customer";s:9:"attribute";s:8:"group_id";s:8:"operator";s:3:"!()";s:5:"value";a:1:{i:0;s:1:"4";}s:18:"is_value_processed";b:0;}}}', 'a:4:{s:4:"type";s:28:"email/rule_action_collection";s:9:"attribute";N;s:8:"operator";s:1:"=";s:5:"value";N;}', '0000-00-00 00:00:00', '0000-00-00 00:00:00'),
(3, 'Run Rule', NULL, 1, 1, 'a:7:{s:4:"type";s:28:"email/rule_condition_combine";s:9:"attribute";N;s:8:"operator";N;s:5:"value";s:1:"1";s:18:"is_value_processed";N;s:10:"aggregator";s:3:"all";s:10:"conditions";a:2:{i:0;a:5:{s:4:"type";s:29:"email/rule_condition_customer";s:9:"attribute";s:13:"reviews_count";s:8:"operator";s:2:"==";s:5:"value";s:1:"0";s:18:"is_value_processed";b:0;}i:1;a:5:{s:4:"type";s:29:"email/rule_condition_customer";s:9:"attribute";s:8:"group_id";s:8:"operator";s:3:"!()";s:5:"value";a:1:{i:0;s:1:"4";}s:18:"is_value_processed";b:0;}}}', 'a:4:{s:4:"type";s:28:"email/rule_action_collection";s:9:"attribute";N;s:8:"operator";s:1:"=";s:5:"value";N;}', '0000-00-00 00:00:00', '0000-00-00 00:00:00'),
(4, 'Run Rule', NULL, 1, 1, 'a:7:{s:4:"type";s:28:"email/rule_condition_combine";s:9:"attribute";N;s:8:"operator";N;s:5:"value";s:1:"1";s:18:"is_value_processed";N;s:10:"aggregator";s:3:"all";s:10:"conditions";a:1:{i:0;a:5:{s:4:"type";s:29:"email/rule_condition_customer";s:9:"attribute";s:8:"group_id";s:8:"operator";s:3:"!()";s:5:"value";a:1:{i:0;s:1:"4";}s:18:"is_value_processed";b:0;}}}', 'a:4:{s:4:"type";s:28:"email/rule_action_collection";s:9:"attribute";N;s:8:"operator";s:1:"=";s:5:"value";N;}', '0000-00-00 00:00:00', '0000-00-00 00:00:00'),
(5, 'Run Rule', NULL, 1, 1, 'a:7:{s:4:"type";s:28:"email/rule_condition_combine";s:9:"attribute";N;s:8:"operator";N;s:5:"value";s:1:"1";s:18:"is_value_processed";N;s:10:"aggregator";s:3:"all";s:10:"conditions";a:1:{i:0;a:5:{s:4:"type";s:29:"email/rule_condition_customer";s:9:"attribute";s:8:"group_id";s:8:"operator";s:3:"!()";s:5:"value";a:1:{i:0;s:1:"4";}s:18:"is_value_processed";b:0;}}}', 'a:4:{s:4:"type";s:28:"email/rule_action_collection";s:9:"attribute";N;s:8:"operator";s:1:"=";s:5:"value";N;}', '0000-00-00 00:00:00', '0000-00-00 00:00:00'),
(6, 'Run Rule', NULL, 1, 1, 'a:6:{s:4:"type";s:28:"email/rule_condition_combine";s:9:"attribute";N;s:8:"operator";N;s:5:"value";s:1:"1";s:18:"is_value_processed";N;s:10:"aggregator";s:3:"all";}', 'a:4:{s:4:"type";s:28:"email/rule_action_collection";s:9:"attribute";N;s:8:"operator";s:1:"=";s:5:"value";N;}', '0000-00-00 00:00:00', '0000-00-00 00:00:00'),
(7, 'Run Rule', NULL, 1, 1, 'a:6:{s:4:"type";s:28:"email/rule_condition_combine";s:9:"attribute";N;s:8:"operator";N;s:5:"value";s:1:"1";s:18:"is_value_processed";N;s:10:"aggregator";s:3:"all";}', 'a:4:{s:4:"type";s:28:"email/rule_action_collection";s:9:"attribute";N;s:8:"operator";s:1:"=";s:5:"value";N;}', '0000-00-00 00:00:00', '0000-00-00 00:00:00'),
(8, 'Run Rule', NULL, 1, 1, 'a:7:{s:4:"type";s:28:"email/rule_condition_combine";s:9:"attribute";N;s:8:"operator";N;s:5:"value";s:1:"1";s:18:"is_value_processed";N;s:10:"aggregator";s:3:"all";s:10:"conditions";a:1:{i:0;a:5:{s:4:"type";s:29:"email/rule_condition_customer";s:9:"attribute";s:8:"group_id";s:8:"operator";s:3:"!()";s:5:"value";a:2:{i:0;s:1:"0";i:1;s:1:"4";}s:18:"is_value_processed";b:0;}}}', 'a:4:{s:4:"type";s:28:"email/rule_action_collection";s:9:"attribute";N;s:8:"operator";s:1:"=";s:5:"value";N;}', '0000-00-00 00:00:00', '0000-00-00 00:00:00'),
(9, 'Run Rule', NULL, 1, 1, 'a:7:{s:4:"type";s:28:"email/rule_condition_combine";s:9:"attribute";N;s:8:"operator";N;s:5:"value";s:1:"1";s:18:"is_value_processed";N;s:10:"aggregator";s:3:"all";s:10:"conditions";a:1:{i:0;a:5:{s:4:"type";s:29:"email/rule_condition_customer";s:9:"attribute";s:8:"group_id";s:8:"operator";s:3:"!()";s:5:"value";a:1:{i:0;s:1:"4";}s:18:"is_value_processed";b:0;}}}', 'a:4:{s:4:"type";s:28:"email/rule_action_collection";s:9:"attribute";N;s:8:"operator";s:1:"=";s:5:"value";N;}', '0000-00-00 00:00:00', '0000-00-00 00:00:00'),
(10, 'Run Rule', NULL, 1, 1, 'a:7:{s:4:"type";s:28:"email/rule_condition_combine";s:9:"attribute";N;s:8:"operator";N;s:5:"value";s:1:"1";s:18:"is_value_processed";N;s:10:"aggregator";s:3:"all";s:10:"conditions";a:1:{i:0;a:5:{s:4:"type";s:29:"email/rule_condition_customer";s:9:"attribute";s:8:"group_id";s:8:"operator";s:3:"!()";s:5:"value";a:1:{i:0;s:1:"4";}s:18:"is_value_processed";b:0;}}}', 'a:4:{s:4:"type";s:28:"email/rule_action_collection";s:9:"attribute";N;s:8:"operator";s:1:"=";s:5:"value";N;}', '0000-00-00 00:00:00', '0000-00-00 00:00:00');

-- --------------------------------------------------------

--
-- 表的结构 `m_email_trigger`
--

CREATE TABLE IF NOT EXISTS `m_email_trigger` (
  `trigger_id` int(11) NOT NULL AUTO_INCREMENT,
  `title` varchar(255) NOT NULL,
  `description` text,
  `store_ids` varchar(255) NOT NULL,
  `is_active` int(1) NOT NULL DEFAULT '0',
  `active_from` datetime DEFAULT NULL,
  `active_to` datetime DEFAULT NULL,
  `trigger_type` varchar(255) NOT NULL,
  `event` varchar(255) DEFAULT NULL,
  `cancellation_event` text,
  `schedule` varchar(255) DEFAULT NULL,
  `run_rule_id` int(11) DEFAULT NULL,
  `stop_rule_id` int(11) DEFAULT NULL,
  `sender_email` varchar(255) DEFAULT NULL,
  `sender_name` varchar(255) DEFAULT NULL,
  `copy_email` text,
  `ga_source` varchar(255) DEFAULT NULL,
  `ga_medium` varchar(255) DEFAULT NULL,
  `ga_term` varchar(255) DEFAULT NULL,
  `ga_content` varchar(255) DEFAULT NULL,
  `ga_name` varchar(255) DEFAULT NULL,
  `created_at` datetime NOT NULL DEFAULT '0000-00-00 00:00:00',
  `updated_at` datetime NOT NULL DEFAULT '0000-00-00 00:00:00',
  `is_trigger_sandbox_active` int(1) NOT NULL DEFAULT '0',
  `trigger_sandbox_email` text,
  PRIMARY KEY (`trigger_id`)
) ENGINE=InnoDB  DEFAULT CHARSET=utf8 AUTO_INCREMENT=11 ;

--
-- 转存表中的数据 `m_email_trigger`
--

INSERT INTO `m_email_trigger` (`trigger_id`, `title`, `description`, `store_ids`, `is_active`, `active_from`, `active_to`, `trigger_type`, `event`, `cancellation_event`, `schedule`, `run_rule_id`, `stop_rule_id`, `sender_email`, `sender_name`, `copy_email`, `ga_source`, `ga_medium`, `ga_term`, `ga_content`, `ga_name`, `created_at`, `updated_at`, `is_trigger_sandbox_active`, `trigger_sandbox_email`) VALUES
(1, 'Abandoned Shopping Cart', NULL, '0', 1, '2016-09-20 17:05:00', NULL, '', 'cart_abandoned', 'order_status|', NULL, 1, NULL, 'newsletter@joancee.com', 'Joancee Jewelry', NULL, 'Email', 'Abandoned Cart', NULL, NULL, 'Abandoned Cart', '1970-01-01 00:00:00', '2016-10-24 01:38:24', 0, NULL),
(2, 'Customer not logged 15 days', NULL, '0', 1, '2016-09-21 17:27:00', NULL, '', 'customer_loggedin', 'customer_activity', NULL, 2, NULL, 'newsletter@joancee.com', 'Joancee Jewelry', NULL, 'Email', '15 Days Not Logged', NULL, NULL, '15 Days Not Logged', '2016-09-22 09:29:43', '2016-10-24 01:39:26', 0, NULL),
(3, 'Review Request', NULL, '0', 0, '2016-09-21 15:50:00', NULL, '', 'order_status|complete', 'order_status|canceled,order_status|closed', NULL, 3, NULL, 'newsletter@joancee.com', 'Joancee Newsletter', NULL, 'Email', 'Review Request', NULL, NULL, 'Review Request', '2016-09-23 07:54:02', '2016-10-24 01:39:18', 0, NULL),
(4, 'Happy Birthday', NULL, '0', 0, '2016-09-21 15:56:00', NULL, '', 'customer_birthday', NULL, NULL, 4, NULL, 'newsletter@joancee.com', 'Joancee Jewelry', NULL, 'Email', 'Happy Birthday', NULL, NULL, 'Happy Birthday', '2016-09-23 07:59:55', '2016-10-24 01:39:11', 1, 'easylau@vip.qq.com'),
(5, 'Order status changed', NULL, '0', 0, '2016-09-21 16:07:00', NULL, '', 'order_status|', NULL, NULL, 5, NULL, 'newsletter@joancee.com', 'Joancee Jewelry', NULL, 'Email', 'Order Status', NULL, NULL, 'Order Status', '2016-09-23 08:09:40', '2016-10-24 01:39:04', 0, NULL),
(8, 'WIshlist', NULL, '0', 1, '2016-10-13 10:33:00', NULL, '', 'wishlist_wishlist|productadded', 'wishlist_wishlist|productadded,order_status|,email_click|1,email_click|8', NULL, 8, NULL, 'newsletter@joancee.com', 'Joancee Jewelry', NULL, 'Email', 'Wishlist', NULL, NULL, 'Wishlist', '2016-10-14 03:09:53', '2016-10-24 01:38:55', 0, NULL),
(9, 'Order closed', NULL, '0', 1, '2016-10-17 16:57:00', NULL, '', 'order_status|closed', 'order_status|complete,order_status|payment_review,order_status|processing', NULL, 9, NULL, 'newsletter@joancee.com', 'Joancee Jewelry', NULL, 'Email', 'Order Closed', NULL, NULL, 'Order Closed', '2016-10-19 08:59:53', '2016-10-24 01:38:44', 0, NULL),
(10, 'Order pending', NULL, '0', 1, '2016-10-19 15:35:00', NULL, '', 'order_status|pending', 'order_status|complete,order_status|payment_review,order_status|processing', NULL, 10, NULL, 'newsletter@joancee.com', 'Joancee Jewelry', NULL, 'Email', 'Order Pending', NULL, NULL, 'Order Pending', '2016-10-20 07:37:19', '2016-10-24 01:38:35', 0, NULL);

-- --------------------------------------------------------

--
-- 表的结构 `m_email_trigger_chain`
--

CREATE TABLE IF NOT EXISTS `m_email_trigger_chain` (
  `chain_id` int(11) NOT NULL AUTO_INCREMENT,
  `trigger_id` int(11) NOT NULL,
  `delay` text COMMENT 'Serialized delay',
  `template_id` varchar(255) NOT NULL,
  `run_rule_id` int(11) DEFAULT NULL,
  `stop_rule_id` int(11) DEFAULT NULL,
  `coupon_enabled` int(1) NOT NULL DEFAULT '0',
  `coupon_sales_rule_id` int(11) DEFAULT NULL,
  `coupon_expires_days` int(11) DEFAULT NULL,
  `cross_sells_enabled` int(1) NOT NULL DEFAULT '0',
  `cross_sells_type_id` varchar(255) DEFAULT NULL,
  `created_at` datetime NOT NULL DEFAULT '0000-00-00 00:00:00',
  `updated_at` datetime NOT NULL DEFAULT '0000-00-00 00:00:00',
  PRIMARY KEY (`chain_id`)
) ENGINE=InnoDB  DEFAULT CHARSET=utf8 AUTO_INCREMENT=12 ;

--
-- 转存表中的数据 `m_email_trigger_chain`
--

INSERT INTO `m_email_trigger_chain` (`chain_id`, `trigger_id`, `delay`, `template_id`, `run_rule_id`, `stop_rule_id`, `coupon_enabled`, `coupon_sales_rule_id`, `coupon_expires_days`, `cross_sells_enabled`, `cross_sells_type_id`, `created_at`, `updated_at`) VALUES
(1, 1, 'a:5:{s:4:"days";i:0;s:5:"hours";i:0;s:7:"minutes";i:60;s:4:"type";s:5:"after";s:12:"exclude_days";a:0:{}}', 'emaildesign:6', NULL, NULL, 1, 2, 3, 1, 'mage_new', '2016-09-22 09:10:24', '2016-10-24 01:38:24'),
(2, 2, 'a:5:{s:4:"days";i:1296000;s:5:"hours";i:0;s:7:"minutes";i:0;s:4:"type";s:5:"after";s:12:"exclude_days";a:0:{}}', 'emaildesign:4', NULL, NULL, 1, 4, 3, 1, 'mage_cross', '2016-09-22 09:29:43', '2016-10-24 01:39:26'),
(3, 3, 'a:5:{s:4:"days";i:604800;s:5:"hours";i:0;s:7:"minutes";i:0;s:4:"type";s:5:"after";s:12:"exclude_days";a:0:{}}', 'emaildesign:5', NULL, NULL, 1, 6, 7, 0, 'mage_new', '2016-09-23 07:54:02', '2016-10-24 01:39:18'),
(4, 4, 'a:5:{s:4:"days";i:0;s:5:"hours";i:28800;s:7:"minutes";i:0;s:4:"type";s:5:"after";s:12:"exclude_days";a:0:{}}', 'emaildesign:3', NULL, NULL, 1, 5, 2, 1, 'mage_new', '2016-09-23 07:59:55', '2016-10-24 01:39:11'),
(5, 5, 'a:5:{s:4:"days";i:0;s:5:"hours";i:0;s:7:"minutes";i:0;s:4:"type";s:5:"after";s:12:"exclude_days";a:0:{}}', 'emaildesign:1', NULL, NULL, 0, 1, 0, 0, 'mage_cross', '2016-09-23 08:09:40', '2016-10-24 01:39:04'),
(6, 6, 'a:5:{s:4:"days";i:0;s:5:"hours";i:0;s:7:"minutes";i:0;s:4:"type";s:5:"after";s:12:"exclude_days";a:0:{}}', 'emaildesign:6', NULL, NULL, 0, 1, 0, 0, 'mage_cross', '2016-09-23 09:08:19', '2016-09-23 09:19:17'),
(7, 7, 'a:5:{s:4:"days";i:0;s:5:"hours";i:0;s:7:"minutes";i:0;s:4:"type";s:5:"after";s:12:"exclude_days";a:0:{}}', 'emaildesign:2', NULL, NULL, 0, 1, 0, 0, 'mage_cross', '2016-09-24 02:26:47', '2016-09-24 07:14:33'),
(8, 1, 'a:5:{s:4:"days";i:259200;s:5:"hours";i:0;s:7:"minutes";i:0;s:4:"type";s:5:"after";s:12:"exclude_days";a:0:{}}', 'emaildesign:8', NULL, NULL, 1, 8, 1, 1, 'mage_related', '2016-10-13 10:35:57', '2016-10-24 01:38:24'),
(9, 8, 'a:5:{s:4:"days";i:0;s:5:"hours";i:10800;s:7:"minutes";i:0;s:4:"type";s:5:"after";s:12:"exclude_days";a:0:{}}', 'emaildesign:9', NULL, NULL, 1, 9, 2, 1, 'mage_new', '2016-10-14 03:09:53', '2016-10-24 01:38:55'),
(10, 9, 'a:5:{s:4:"days";i:0;s:5:"hours";i:0;s:7:"minutes";i:300;s:4:"type";s:5:"after";s:12:"exclude_days";a:0:{}}', 'emaildesign:11', NULL, NULL, 0, 1, 0, 0, 'mage_cross', '2016-10-19 08:59:53', '2016-10-24 01:38:44'),
(11, 10, 'a:5:{s:4:"days";i:0;s:5:"hours";i:0;s:7:"minutes";i:600;s:4:"type";s:5:"after";s:12:"exclude_days";a:0:{}}', 'emaildesign:11', NULL, NULL, 0, 1, 0, 0, 'mage_cross', '2016-10-20 07:37:19', '2016-10-24 01:38:35');

/*!40101 SET CHARACTER_SET_CLIENT=@OLD_CHARACTER_SET_CLIENT */;
/*!40101 SET CHARACTER_SET_RESULTS=@OLD_CHARACTER_SET_RESULTS */;
/*!40101 SET COLLATION_CONNECTION=@OLD_COLLATION_CONNECTION */;
